{
    "foreground_intensity_properties_per_channel": {
        "0": {
            "max": 3071.0,
            "mean": 85.1413345336914,
            "median": 94.0,
            "min": -1024.0,
            "percentile_00_5": -935.0,
            "percentile_99_5": 294.0,
            "std": 116.55338287353516
        }
    },
    "median_relative_size_after_cropping": 1.0,
    "shapes_after_crop": [
        [
            147,
            512,
            512
        ],
        [
            139,
            512,
            512
        ],
        [
            198,
            512,
            512
        ],
        [
            140,
            512,
            512
        ],
        [
            117,
            512,
            512
        ],
        [
            131,
            512,
            512
        ],
        [
            163,
            512,
            512
        ],
        [
            148,
            512,
            512
        ],
        [
            149,
            512,
            512
        ],
        [
            148,
            512,
            512
        ],
        [
            143,
            512,
            512
        ],
        [
            89,
            512,
            512
        ],
        [
            96,
            512,
            512
        ],
        [
            124,
            512,
            512
        ],
        [
            85,
            512,
            512
        ],
        [
            131,
            512,
            512
        ],
        [
            88,
            512,
            512
        ],
        [
            89,
            512,
            512
        ]
    ],
    "spacings": [
        [
            3.0,
            0.66796875,
            0.66796875
        ],
        [
            3.0,
            0.720703125,
            0.720703125
        ],
        [
            3.0,
            0.8984375,
            0.8984375
        ],
        [
            3.0,
            0.59375,
            0.59375
        ],
        [
            3.0,
            0.90625,
            0.90625
        ],
        [
            3.0,
            0.701171875,
            0.701171875
        ],
        [
            3.0,
            0.748046875,
            0.748046875
        ],
        [
            3.0,
            0.728515625,
            0.728515625
        ],
        [
            2.5,
            0.9765620231628418,
            0.9765620231628418
        ],
        [
            3.0,
            0.78125,
            0.78125
        ],
        [
            3.0,
            0.68359375,
            0.68359375
        ],
        [
            5.0,
            0.7675780057907104,
            0.7675780057907104
        ],
        [
            5.0,
            0.70703125,
            0.70703125
        ],
        [
            3.0,
            0.685546875,
            0.685546875
        ],
        [
            5.0,
            0.83203125,
            0.83203125
        ],
        [
            5.0,
            0.7792969942092896,
            0.7792969942092896
        ],
        [
            5.0,
            0.7753909826278687,
            0.7753909826278687
        ],
        [
            5.0,
            0.796875,
            0.796875
        ]
    ]
}